CustomerID,FirstName,LastName,Email,Phone,JoinDate
C001,Brenda,Morris,william27@yahoo.com,630.324.1407x674,2024-05-25
C002,Brandy,Howard,hayestraci@gmail.com,608-987-5786,2023-06-08
C003,Amy,Mullen,michellegibbs@yahoo.com,(531)483-5971,2023-09-05
C004,Benjamin,Henderson,lunanicholas@hotmail.com,699.183.7642,2024-05-06
C005,Theresa,Levine,whammond@yahoo.com,9316993948,2024-02-04
C006,Donna,Williams,pyoung@smith.biz,294.122.9783x09940,2023-03-05
C007,Holly,Rodriguez,annehuff@castillo-gomez.com,(249)555-6216,2024-06-01
C008,John,Dorsey,wardcharles@yahoo.com,391.347.4382,2023-09-13
C009,Patrick,Morrison,jonathan44@donaldson.com,(166)683-0461,2024-01-31
C010,Lisa,Moreno,kaylagray@velez-lee.com,245-671-5945x83632,2023-12-07
C011,William,Perry,joseph89@shelton.biz,+1-271-761-4617x4678,2023-11-28
C012,Michael,Mayo,susan45@yahoo.com,+1-465-737-8331x0648,2023-04-14
C013,Daniel,Wilson,dfrancis@yahoo.com,+1-382-503-7260x115,2024-02-23
C014,Lisa,Hernandez,hherring@moss.com,001-844-552-7622x01764,2022-09-13
C015,Sabrina,Lawson,millersarah@hotmail.com,+1-038-842-8186x069,2023-01-16
C016,Thomas,Ferguson,richard09@gmail.com,4457157050,2023-12-25
C017,Matthew,Lee,sherylcurry@hotmail.com,(247)266-7161x63947,2023-08-21
C018,Thomas,Lopez,paulhart@hotmail.com,004-480-9422x94287,2023-02-19
C019,Thomas,Ramos,jacoblarsen@yahoo.com,197.812.1329x018,2024-01-10
C020,Stephanie,Kennedy,stevenrodgers@leon-johnson.com,+1-539-086-0066,2023-04-12
C021,Kenneth,Warner,walkerian@johnson.com,001-694-358-5929x263,2024-04-11
C022,Leslie,Hobbs,welliott@hotmail.com,778-641-4569,2024-06-07
C023,Heidi,Clark,justin50@kelly.com,649-247-9173x83530,2023-08-19
C024,Kimberly,Whitehead,brownmonica@gmail.com,001-193-070-3819x749,2024-07-11
C025,Jason,Flores,perezjames@hogan.com,+1-092-015-5722x90679,2023-07-26
C026,Jessica,Butler,connie43@yahoo.com,388-709-4007x2056,2024-04-14
C027,Daisy,Martin,michellewheeler@martinez.info,593-725-1064x3212,2024-06-10
C028,Tracey,Thompson,deborah21@haley-armstrong.com,368-106-5507,2022-10-04
C029,Candace,Martinez,edwardsdaniel@yahoo.com,001-769-160-6226,2024-08-04
C030,Thomas,Anderson,jessicataylor@mccarthy-grant.com,001-827-275-0601,2023-05-15
C031,William,Obrien,aaronpacheco@hotmail.com,673.545.0555,2023-05-08
C032,Travis,Palmer,sanderskristin@wilson.biz,103-137-7801x4673,2022-10-07
C033,Bruce,Jones,emily58@yahoo.com,(297)647-5492x233,2024-05-12
C034,Jill,Griffin,timothyhernandez@hotmail.com,001-180-075-9786,2024-01-26
C035,Joe,Davis,macdonaldnicholas@clark-ross.biz,+1-360-512-7938,2022-10-19
C036,Jennifer,Wolf,taylorhendrix@johnson.com,834-623-2281x2259,2024-03-30
C037,Hailey,Lucas,jason17@brown.com,001-588-983-3707x928,2024-07-22
C038,Christopher,Shields,leonpatel@yahoo.com,(639)699-0911x019,2024-08-26
C039,Antonio,Raymond,john18@gmail.com,154.385.4751x893,2022-11-06
C040,Robert,Mcdonald,shane07@quinn.com,(211)859-5645x57550,2022-09-16
C041,Sarah,Kirby,rachaelwoodard@yahoo.com,(368)888-2391x2200,2023-12-24
C042,James,Archer,johnsonpamela@tyler.com,(488)119-8716x171,2024-01-22
C043,Michael,Johnston,vhansen@gmail.com,(916)093-6679,2023-09-16
C044,Michael,Kim,anthony59@hotmail.com,+1-608-057-1829x86209,2023-09-26
C045,Miguel,Kennedy,danielle17@martinez.com,(452)181-5137x900,2022-10-11
C046,Ricky,Bennett,vwade@yahoo.com,882-067-4596x4280,2023-07-23
C047,Marcus,Murphy,ibrown@hotmail.com,001-366-515-0585,2024-01-23
C048,Karen,Davidson,eric34@yahoo.com,275.402.9694,2024-07-27
C049,Brittany,Collins,butlerjoshua@howe-martinez.com,948.900.7112x00136,2024-03-10
C050,Steven,Barry,phyllis35@thompson.com,025.155.1448x1714,2023-10-13
C051,Jeffrey,Rodriguez,rodneyleonard@durham-perry.com,(422)926-3318,2023-02-25
C052,Joshua,Jones,ldelgado@gmail.com,2899074277,2022-11-29
C053,Peter,Hernandez,aaron11@gmail.com,734.921.2517x14676,2022-11-23
C054,Ryan,Wiley,chrismacdonald@oconnell.com,532.385.2208x1249,2022-12-02
C055,James,Taylor,chandlereric@larsen.biz,001-922-463-0842x696,2022-12-21
C056,Carla,Santos,ucooper@yahoo.com,001-635-363-6653x380,2024-04-03
C057,Michael,Rodriguez,danielle96@parks-lawson.com,649.261.4455x73053,2024-08-11
C058,Holly,Rowland,xfoster@white-dominguez.com,+1-573-239-6774x322,2023-11-17
C059,Sean,Diaz,rojaslauren@hotmail.com,001-391-752-0498x8328,2023-01-17
C060,Amanda,Peterson,lisaphillips@holland-pierce.info,521-383-9080,2024-05-15
C061,Nicholas,Zamora,ulawrence@yahoo.com,669.100.3331,2023-01-03
C062,David,Munoz,hansencorey@gmail.com,5972174843,2023-10-24
C063,Mason,Quinn,qoconnell@murillo.net,(135)968-5286,2023-01-27
C064,Amber,Edwards,evan67@gmail.com,+1-949-581-9452x1942,2024-05-18
C065,Ricky,Price,williamsstephanie@gmail.com,001-813-037-1671x816,2023-05-01
C066,Kathleen,Blackburn,mooredavid@gmail.com,001-192-377-1141x5240,2023-04-22
C067,Timothy,Shelton,alyssa53@huang.net,001-159-425-0816x4260,2023-11-25
C068,Maria,Castillo,heatherallen@gmail.com,(153)245-0591,2023-01-31
C069,Carla,Owens,jodi99@white.com,+1-315-462-2519x257,2023-08-25
C070,Brian,Clark,tkirk@johnston-jones.com,001-708-173-6274x789,2023-05-29
C071,Stephen,Lee,greenshawn@gmail.com,0621099522,2023-01-27
C072,Diane,Henderson,kenneth50@bradley-greene.biz,119.058.4886x15719,2023-12-13
C073,John,Smith,shannonnelson@walker-washington.biz,+1-144-928-8657,2023-07-06
C074,Daniel,Graham,sierrakelly@yahoo.com,(276)393-4168,2023-06-02
C075,Douglas,Wilcox,jeffrey21@gmail.com,158.293.9013,2023-09-03
C076,Michelle,Thompson,lovelisa@hotmail.com,(588)915-5027,2023-10-20
C077,Tracy,Bauer,christinephillips@chavez-kim.biz,473-845-2007x13697,2023-08-16
C078,Anthony,Maldonado,manningryan@barajas-ball.com,547-258-7946x14824,2023-02-18
C079,Natalie,Mayo,ryanmendoza@hotmail.com,341-418-0083x62819,2024-04-16
C080,Jacqueline,Guerra,kingeileen@gmail.com,(201)089-5479,2024-08-01
C081,Clayton,Young,anthony57@gmail.com,+1-761-809-4089x61503,2023-06-05
C082,Kelly,Johnson,jody69@martin.com,220.944.2742x8158,2023-07-12
C083,Stephanie,Stephens,christophermercer@shaw.biz,001-096-585-6607x930,2024-07-22
C084,Stephen,Willis,robertgomez@lawrence-ryan.info,7992119902,2023-04-04
C085,Ian,Adams,imitchell@gmail.com,(537)230-1111x704,2024-08-06
C086,Tracy,Brown,upowers@hill-davis.com,+1-379-416-8853,2024-08-02
C087,Nicole,Brown,lmcgee@rodriguez.com,0945836023,2023-11-29
C088,Stephanie,Tyler,sandramartinez@lane.com,(337)384-1165,2024-07-13
C089,Julie,Hill,brian54@yahoo.com,001-572-066-1459,2024-08-28
C090,Ashley,Floyd,fosterkenneth@hotmail.com,+1-281-050-2737x44046,2024-08-02
C091,Susan,Villa,andrewgonzales@gmail.com,541.606.3090x976,2024-05-22
C092,Savannah,Mcdonald,latoya08@white.com,857-254-8030,2023-03-23
C093,Jessica,James,nancy02@lowe-davis.com,(456)523-0084,2023-10-02
C094,Sarah,Fox,phall@yahoo.com,697-193-0020x96589,2023-07-29
C095,Patrick,Smith,sarahanderson@hotmail.com,001-770-410-0009x089,2024-04-28
C096,Meghan,Valdez,emily71@hotmail.com,(391)855-9021x947,2023-08-01
C097,Catherine,Mcmahon,davidmacias@hotmail.com,001-597-707-2718x788,2023-05-23
C098,Samantha,Singleton,brendawood@hotmail.com,8029457682,2022-12-21
C099,Lisa,Williams,gillespiechristina@adams-taylor.com,+1-004-080-5148x52082,2023-09-26
C100,Brian,Smith,david66@yahoo.com,014-082-9356x75725,2023-09-13
